<?xml version="1.0" encoding="utf-8" standalone="no"?>
<modDesc descVersion="74">
	<author>Rockstar</author>

	<version>1.0.0.0</version>

	<title>Internal Mods Loader</title>

	<description>Internal Mods Loader</description>

	<isSelectable>false</isSelectable>

	<preLoadSourceFiles>
		<sourceFile filename="InternalModsLoader.lua"/>
	</preLoadSourceFiles>

	<l10n>
		<text name="iml_info">
			<en>Internal mods loaded: %d</en>
			<de>Interne Mods geladen: %d</de>
			<fr>Mods internes chargés : %d</fr>
			<pl>Załadowane wewnętrzne mody: %d</pl>
		</text>
	</l10n>
</modDesc>